PC,Eigenvalue,Relative_Variance_Proportion,Cumulative_Variance_Proportion
PC1,1088.36,0.4065213136454809,0.4065213136454809
PC2,767.788,0.286782118381084,0.6933034320265649
PC3,488.911,0.182616727898605,0.8759201599251698
PC4,332.193,0.12407984007482198,0.9999999999999918
